,question,retrieved_contexts,reference,reference_contexts
0,¿Quién es Joaquín Sabina?,"['Biografía Primeros años Joaquín Sabina nació el 12 de febrero de 1949 en el municipio de Úbeda (Jaén, España), segundo hijo de Adela Sabina del Campo, ama de casa y de Jerónimo Martínez Gallego, inspector de policía.\u200b Cursó sus estudios primarios con las monjas carmelitas y con catorce años comenzó a escribir poemas y a componer música en una banda formada con sus amigos llamada Merry Youngs, que se dedicaban sobre todo a versionar a cantantes de rock como Elvis Presley, Chuck Berry o Little Richard.\u200b Por esa época, tuvo a su primera novia, Virtudes Antero «Chispa», que le sirvió como inspiración para crear algunos poemas de amor.', 'Santiago Rodríguez Ramiro (Jaén,\u200b 27 de julio de 1965), más conocido como Santi Rodríguez, es un actor y showman español\u200b famoso por interpretar al frutero de la serie de televisión de Telecinco Siete vidas, personaje que propulsó su carrera y le hizo conocido entre el gran público.\u200b Biografía Nació en Málaga aunque a los pocos meses se traslada a Jaén, ciudad en la que reside actualmente El éxito le vino, tras participar en El club de la comedia y ser colaborador de La noche... con Fuentes y cía, al entrar en la serie 7 vidas con su papel de ""El frutero"".', 'Jacinto Higueras Cátedra (Santisteban del Puerto; 7 de enero de 1914 - Madrid; 25 de diciembre de 2009) fue un actor, escultor y pintor español.\u200b Perteneció a la compañía teatral La Barraca de Federico García Lorca, compartiendo escenario con algunos de los más importantes actores de los años 1930.\u200b Biografía Pertenece a una familia de gran tradición artística: su padre Jacinto Higueras fue también un escultor de prestigio, su hermano Modesto director y actor teatral y su hija Ana Higueras una cantante lírica de reconocimiento internacional.', 'El 29 de mayo de 1981, Ginés de la Jara Torres Navarrete se convirtió en el Cronista Oficial de Sabiote hasta 2019. Fue nombrado Hijo Adoptivo de Úbeda y Torreperogil e Hijo Predilecto de Sabiote.\u200b\u200b Ducado de Sabiote Diego de los Cobos Guzmán y Luna nació en el castillo de Sabiote y fue el primogénito de Francisco de los Cobos y Luna, regidor de Úbeda y señor de Sabiote, Canena y Torres, estados que dejó en legado a su hijo en 1612.', 'El escándalo fue mayor cuando se conoció una carta que el mismo Joaquín Sabina le había escrito a Fito Páez en forma de poesía, donde resumía los motivos que determinaron el final de su relación laboral: «El rol del patito feo, no me va te lo aseguro, y menos el de hombre duro, que a ti te cuesta tan poco» recitaba Joaquín en la mencionada carta.\u200b Joaquín hizo una gira en solitario por teatros llamada Sabina, viuda e hijos en paños menores, de importante éxito y que destacó por la gran duración de los recitales, que llegaban a las tres horas.']","Joaquín Sabina es un cantautor y poeta de Úbeda, Jaén. Es conocido por algunas de sus canciones más famosas como '19 Días y 500 Noches', o 'Y nos dieron las diez'.","Joaquín Ramón Martínez Sabina (Úbeda, 12 de febrero de 1949), conocido como Joaquín Sabina, es un cantautor, poeta y pintor español​. Ha publicado diecisiete discos de estudio y siete en directo, y ha colaborado con distintos artistas cantando dúos y realizando otras colaboraciones."
1,¿Cuando nació Juan Eslava Galán?,"['Su hijo Juan declaró en un proceso el 5 de junio de 1611 tener ""29 años poco más o menos"", por lo que debió nacer hacia 1581-1582.\u200b Hay un Alonso de Vandelvira que declaró en el mismo proceso tener 14 años, por lo que seguramente sea un hijo de este arquitecto que habría nacido en Sevilla hacia 1597 y que habría ejercido como sacerdote en la Parroquia del Sagrario de Sevilla entre 1637 y 1646.\u200b Tuvo también una hija llamada Luisa, nacida según el historiador Ginés Torres Navarrete en 1580, que se casó en Sabiote en 1605 con Luis de Carmona del Villar, natural de Torreperogil, a donde el matrimonio se trasladó posteriormente.\u200b Del matrimonio entre Luisa y Luis nacieron dos hijos: Luis y Gregorio.\u200b Entre 1580 y 1581 fue alcalde ordinario de Sabiote, ejerciendo funciones judiciales en asuntos civiles.\u200b En 1583 pasó a ser depositario del pósito de Sabiote, donde se guardaban excedentes agrarios.', 'Biografía Nacido el 3 de abril de 1890\u200b en la localidad jienense de Villanueva del Arzobispo, pasó su juventud en Alicante, siendo amigo y colaborador de Gabriel Miró. Siempre estuvo en contacto con su pueblo, que, en 1949, le dedicó una calle y le convirtió en hijo predilecto.', 'Su apellido real era Galbán, pero lo italianizó por Galvany cuando decidió dedicarse a la lírica. Biografía María nace a las cinco y media de la mañana en la calle de la Zambra en la localidad jienense de Mancha Real, donde su padre, Juan Galván, era notario; pero apenas cumplidos dos años la niña va a vivir a Pinos Puente (Granada), lugar de residencia de sus abuelos maternos debido a que su padre muere repentinamente el 28 de marzo de 1879 de congestión pulmonar a la edad de cuarenta y nueve años.', 'Juan Eslava Galán (Arjona, Jaén, 7 de marzo de 1948) es un escritor español del género histórico, tanto de ficción como de no ficción. Saltó a la popularidad con la obtención del Premio Planeta en 1987. Ha publicado algunas novelas bajo el pseudónimo de Nicholas Wilcox. Biografía Hijo de olivareros, estudió en los colegios de Arjona hasta que, al cumplir los diez años, su familia se trasladó a Jaén, donde prosiguió el bachillerato.', 'No ha sido posible establecer la fecha de su nacimiento, habiéndose publicado dos partidas de bautismo contradictorias, ninguna de las cuales parece corresponderle.\u200b Hijo primogénito de Bartolomé Díaz Domedel y María Domedel, la primera noticia documental es de 1634, cuando firmó como padrino de bautismo del octavo de sus once hermanos, Diego Anastasio.\u200b Dos años después contrajo matrimonio con Catalina de Orozco.']","Juan Eslava Galán nació el 7 de marzo de 1948 en Arjona, Jaén.","Juan Eslava Galán (Arjona, Jaén, 7 de marzo de 1948) es un escritor español del género histórico, tanto de ficción como de no ficción. Saltó a la popularidad con la obtención del Premio Planeta en 1987. Ha publicado algunas novelas bajo el pseudónimo de Nicholas Wilcox. Biografía Hijo de olivareros, estudió en los colegios de Arjona hasta que, al cumplir los diez años, su familia se trasladó a Jaén, donde prosiguió el bachillerato."
2,¿Cuál es la formación de Maite Martín Valdivia?,"['Juan Pascual Valdivia y Valenzuela (Alcalá la Real, c. 1737 - Olivares, 12 de marzo de 1811) fue un compositor y maestro de capilla español.\u200b Vida Juan Pascual Valdivia y Valenzuela nació en Alcalá la Real, en la provincia de Jaén, hijo de Gregorio Valenzuela y Valdivia y Ana Valdivia, hacia 1735 o 1737.\u200b La fecha de su nacimiento se calcula por su ordenación de sacerdote en 1762. En ese momento la edad mínima para ordenarse era de 25 años, por lo que debió nacer hacia 1737 o poco antes.', 'Juan Manuel Valderrama Blanca, conocido artísticamente como Juanito Valderrama (Torredelcampo, Jaén, 24 de mayo de 1916 – Espartinas, Sevilla, 12 de abril de 2004), fue un cantaor de flamenco y copla. Participó también como actor en seis películas. Biografía Nacido en el seno de una familia de agricultores, era el tercero de los hijos de Juan Valderrama y Jacinta Blanca, la carrera profesional de Valderrama comenzó en 1935, en el cine Metropolitano de Madrid, y se prolongaría más de 60 años.', 'La Virgen se puede ver como viene siendo habitual desde el siglo XVII presenta al culto revestida con manto y saya. Tiene en su mano derecha un madroño fruto originario de Sierra Morena, bastón y fajín impuesto por el teniente general Fidel Dávila Arrondo, ministro del Ejército. A sus pies está una medialuna obra del orfebre Ramón Orovio, costeada por Juan Alonso Montoro y Araceli Roncero. Patronazgo En 1909 fue declarada patrona de Andújar por San Pío X,\u200b junto con San Eufrasio.', 'Con 21 años aparece Vandelvira en unas ambiciosas obras del Convento de Uclés, obra iniciada por Francisco de Luna en 1529; su participación, «a la sombra de la escuela plateresca toledana», es uno de los ingredientes formativos de su personalidad.', 'Hermano de Eva María de León y Garrido, X marquesa del Valle de la Reina.\u200b']","Maite Martín Valdivia consiguió la diplomatura en Informática por la Universidad de Granada en 1990. Más tarde, en 1992, obtuvo la licenciatura en Informática en la misma universidad, realizando más tarde su tesis doctoral en la Universidad de Málaga.","María Teresa (ó Maite) Martín Valdivia (Jaén) es doctora en informática. Desde 1995 trabaja en la Universidad de Jaén como profesora del área de Lenguajes y Sistemas Informáticos del Departamento de Informática. Desde 2019 es catedrática de universidad. Forma parte del equipo de investigación SINAI (Sistemas Inteligentes de Acceso a la Información) desde su creación en 2001.​ Su área de especialización es el Procesamiento del Lenguaje Natural, y en la actualidad investiga dentro de los temas de análisis de opiniones y emociones, minería de textos, aprendizaje automático y búsqueda y recuperación de información en biomedicina. Biografía Se diplomó (1990) y licenció (1992) en Informática en la Universidad de Granada. Realizó su tesis doctoral en Informática en la Universidad de Málaga Desde 2007 es miembro del Consejo Asesor de la Sociedad Española para el Procesamiento del Lenguaje Natural (SEPLN), en cuya Junta Directiva fue tesorera desde 2007 hasta 2019.​​ Fue directora del Secretariado de Investigación de la Universidad de Jaén del 27 de noviembre de 2017 al 29 de abril de 2019."
3,Dame un resumen de la Leyenda del Lagarto de la Malena,"['Normalmente se habla de una división en tres partes. La primera parte abarca las catorce primeras estrofas y consiste en una introducción en tono moralizante sobre el escaso valor de la vida terrenal, la muerte y su omnipotencia. En la segunda parte, de la estrofa quince a la veinticuatro, se menciona la muerte de personajes ilustres de un pasado reciente y cercano.', 'He aquí como resume la profesora María Antonia Carmona Ruiz la historia de la hermandad y la aprobación de sus primeras reglas (de las que, perdido el manuscrito original, solo se conserva copia fechada el 27 de marzo de 1797): Las reglas fundacionales, en su capítulo quinto, prescriben así la proçessión que se a de hazer el Jueues Santo de cada vn año: Según el historiador Rafael Rodríguez-Moñino, en 1651 el citado pendón de El Lavatorio ya se había convertido en un paso escultórico compuesto por sendas imágenes de Cristo y s. Pedro; paso con el que se constituyó la cofradía de El Mandato en el siglo XIX: De todas las imágenes a las que en algún momento rindió culto la hermandad solo la del Ecce Homo sobrevivió a las pérdidas ocasionadas por la Guerra Civil.', 'Sus argumentos son sencillos. Destacan La industria vence desdenes,\u200b con una fábula intercalada de Apolo y Dafne y El esclavo de su esclavo, en el que la hermosa Matilde recobra su libertad por la generosidad de Audallá.\u200b Trata de probar, desde una ética aristotélica, los peligros que puede provocar el excesivo recato de las mujeres. Así uno de los personajes de La industria, dirá un conocido refrán: ""El humo y la mujer brava echan al hombre de su casa.', 'Jaén, Pedro de la Cuesta, 1628. Tratado de los reinos orientales y hechos de la reina María y de sus antecesores, y tres comedias famosas, una de «La mejor legisladora y triunfo de la santísima Cruz», y dos del «Español entre todas las naciones». Compuestas por dos aficionados religiosos. Jaén, Pedro de la Cuesta, 1629 Además, se han publicado compendios de cartas escritas por él, y sus obras: Historia de la antigua y continuada nobleza de la ciudad de Jaén. Jaén, Pedro de la Cuesta, 1628.', 'La métrica adoptada, la copla de pie quebrado, presta al poema, al decir de Azorín en Al margen de los clásicos, una gran sentenciosidad y un ritmo quebradizo y fúnebre como el repique funeral de una campana. La inspiración bíblica viene desde el Eclesiastés y los Comentarios morales al Libro de Job de San Gregorio. Resuena asimismo el fatalismo de los tópicos medievales del ubi sunt?, vanitas vanitatum, homo viator.']","Aunque existen varias versiones, la más aceptada es la siguiente: ""En el barrio de la magdalena había un temible lagarto que atacaba a todas las personas que pasaban por allí a por agua, pues Jaén es muy rica en agua. Los ciudadanos ya estaban hartos y pidieron al rey que enviase a alguien a combatir contra el lagarto. Un preso que estaba condenado se ofreció a cambio de que le liberasen. Pidió la piel de una oveja, pólvora, panes y un caballo. Fue hacía el raudal y empezó a tirarle los panes al enorme lagarto. llegó a una calle sin salida y le tiro la oveja con la pólvora dentro. El lagarto se la tragó. Al cabo de unos minutos explotó y el preso retomó su libertad.""","Según el mito, cuya primera referencia escrita data de 1628, en una cueva junto a la fuente de la Magdalena apareció un lagarto de grandes dimensiones (Gran Sierpe o Dragón), que atemorizaba a la gente y (dependiendo de la versión) se comía a quien iba a por agua o a las ovejas de los alrededores. Los vecinos de la Magdalena, asustados, no se atrevían a salir al manantial, por lo que buscaron una solución al problema del lagarto. En este punto, la leyenda se diversifica, habiendo tres versiones distintas de la muerte del reptil: El preso y los panes Un preso condenado a muerte solicitó su libertad a cambio de matar al lagarto. Tal era la desesperación de los vecinos que se le concedió la oportunidad de intentarlo. Para ello, solicitó un caballo, un costal de panes calientes y un saco con pólvora. Por la noche, el preso se presentó junto a la cueva y fue dejando una hilera de panes. El animal se despertó y se los fue comiendo tras el preso, que continuaba lanzando panes mientras huía a caballo. Al llegar a la plaza de San Ildefonso, en lugar de un pan le lanzó el saco de pólvora, que el animal devoró del mismo modo y, acto seguido, explotó."
4,¿Cuando sale la procesión del Abuelo?,"['Monta cruz de mayo y organiza procesión infantil. El tríduo a sus Titulares es en plena Cuaresma.', 'Realiza su salida procesional durante la Semana Santa jiennense, en la tarde del Miércoles Santo. Historia Se fundó en 1952 y realizó su primera salida procesional en la tarde del Domingo de Ramos de 1954, hasta 1980 que cambió a la tarde del Miércoles Santo.', 'Una de esas escuadras será la del Señor de la Paciencia, cuyo primer desfile procesional se produce en 1728.\u200b Las otras escuadras eran: San Juan, Jesús Caído (o Señor de las Misericordias), San Elías, San Pedro, el Prendimiento, la Entrada en Jerusalén y la Cena, que, al parecer, desapareció después para incorporarse la escuadra del Niño Jesús de los Dolores.\u200b En una fecha indeterminada dentro del mismo siglo XVIII la estación penitencial comienza a celebrarse el Miércoles Santo por la mañana.\u200b La invasión napoleónica deja graves secuelas en el convento por lo que la Cofradía se traslada a la cercana iglesia parroquial de Santa María La Mayor.', 'Como curiosidad, se incluye en el articulado la regulación del cuerpo de veintiún soldados romanos que desfilaban con el cortejo y la presencia de las dos bandas de música de la localidad.\u200b A principios del siglo XX, la procesión salía a las tres de la tarde.\u200b En 1932, y dado el ambiente de inestabilidad social, las hermandades de Andújar deciden no procesionar en Semana Santa y la Hermandad de las Angustias recupera su procesión claustral.\u200b No queda claro cuándo pasa a ocupar la imagen el lujoso camarín barroco de la capilla mayor: se ha apuntado que fuera a mediados del siglo XVIII al reformarse el templo,\u200b aunque en los estatutos de finales del XIX aún se habla del “altar de Nuestra Señora de las Angustias”.\u200b La imagen se salvó en la Guerra Civil porque las monjas usaron la iglesia para atender a los ancianos del asilo.\u200b La Hermandad se restablece en 1940, celebra su primer cabildo en 1943 y su primer desfile procesional al año siguiente.\u200b A partir de ese momento se instaura la hora de salida a las seis de la tarde, siendo una cita ineludible para el mundo cofrade de Andújar.\u200b En 1991 vuelve a renovar estatutos e inicia un proceso de transformación, aunque sin desligarse del pasado como es el hecho de portar en su estación penitencial el antiguo pendón propio de las cofradías pasionistas de Andújar.\u200b En el año 2004 se crea la agrupación musical “Nuestra Señora de las Angustias”, dirigida por Raúl Prieto Santos.\u200b En la última reforma de estatutos ha modificado sus títulos, ha intitulado como Santísimo Cristo de la Caridad a la imagen de Jesús Yacente que está en el regazo de su Madre (recogiendo así la Hermandad el antiguo nombre del Hospital) y ha incluido una reliquia del Santo Lignum Crucis como Titular.', 'Su salida es en La Madruga del Jueves Santo al Viernes Santo la cruz de guía sale a las 03:00 horas, San Juan sale a las 03:15 horas y Nuestra Señora del Mayor Dolor sale a las 03:30 horas y esperan a que las 04:00 horas salga Nuestro Padre Jesús Nazareno para que a las 04:10 imparta la bendición a toda Linares para después iniciar su desfile procesional.']","La procesión de ""El Abuelo"" sale a las calles el Viernes Santo, puesto que es una marcha que representa a Jesucristo llevando la cruz.","La marcha fue compuesta expresamente para Nuestro Padre Jesús Nazareno, conocido popularmente como \""El Abuelo\"", perteneciente a la Antigua, Insigne y Real Cofradía de Nuestro Padre Jesús Nazareno y María Santísima de los Dolores de Jaén. Esta especial dedicación de la marcha a esta talla, que goza de una gran devoción, quedó reflejado cuando el autor decidió incluir parte del Himno a Jaén en la propia marcha. En otras provincias como en Málaga es muy común que se toque en honor a Nuestro Padre Jesús Nazareno, así ocurre en Almogía, donde se toca en honor al sagrado titular de la Hermandad de Culto y Procesión de Nuestro Padre Jesús Nazareno, conocido también como \""El Nuestro Padre\"". Igualmente ocurre en Alhaurín el Grande, donde la Banda de Música de la Real Hermandad de Nuestro Padre Jesús Nazareno la toca en honor a \""Nuestro Padre Jesús\"", mientras los portadores de su trono de procesión lo depositan en el suelo y cantan alrededor del mismo el Himno a Nuestro Padre Jesús Nazareno, letra compuesta por Loli Romero. Composición Siendo Emilio Cebrián Ruiz director de la Banda Municipal de Jaén desde 1932 al haber ganado el concurso oposición celebrado al quedar vacante la plaza, el fabricano del paso de Nuestro Padre Jesús Nazareno de Jaén, D. Antonio Delgado, le pidió que compusiera una marcha procesional para el Señor, pues hasta ese momento durante la procesión tan sólo se interpretaban las marchas \""Pobre Carmen\"" y \""España llora\"". El Viernes Santo de 1934, durante el trascurso de la procesión, el maestro Emilio Cebrián Ruiz abandonó momentáneamente su condición de director de la Banda Municipal para portar el paso de Nuestro Padre Jesús desde el “Cantón de la Ropa Vieja” al “Campillejo de Santiago”."
5,¿Qué lleva el ochío?,"['En esta faceta.', 'Luego se hacían las hacinas, que eran los montones donde se colocaban los haces y, por último, se trillaba. Para trillar se empezaba por echar la parva, que consistía en desatar los haces y echarlos extendidos por toda la era. Luego se enganchaban las bestias al trillo y... ¡a trillar!. Y después se tornaba con la horca para dar la vuelta a la parva y que todo quedase bien trillado. Cultura Patrimonio inmaterial El ocho de Torres. Se celebra el ocho de mayo una fiesta en honor de la Virgen del Campo.', 'De ellos, cuatro cuentan con cuatro estrellas y cinco con tres estrellas; en cuanto a los hostales, dos cuentan con dos estrellas y cuatro con una estrella.', 'En su interior su única nave se cubre con bóveda de cañón con lunetos y, los brazos del crucero, con media naranja.\u200b Construcción primitiva “Son las dichas monjas, de presente, número de nueve monjas e llevan de dote las monjas que han recibido a cuatrocientos o quinientos ducados. Tienen congrua sustentación, porque tienen un cortijo que les renta cien fanegas de trigo y doscientos o trescientos ducados de renta.', 'Bordura de catorce compones: siete de gules, con un castillo de oro almenado de tres almenas, mazonado de sable (negro) y aclarado de azur, alternados con siete de argén, con un león rampante, de gules, linguado y uñado de oro, y coronado de lo mismo. Sobre el todo, en escusón de plata el rostro de Jesucristo al natural, de carnación y pelo de sable (negro).']","El ochío está hecho con pan de aceite de oliva virgen extra, pimentón y anís. Es un plato tradicional de Úbeda, Jaén.","El ochío​ —a veces también escrito hochío—​ es un producto de panadería tradicional típico de Ubeda en la provincia de Jaén aunque se puede encontrar en otras ciudades de Andalucía; especialmente de la comarca de la Loma, aunque también en la comarca metropolitana de Jaén pero aquí elaborado de otra manera. Consiste en un pan de aceite de oliva virgen extra, pimentón y anís. El nombre le viene dado por ser la octava parte de la masa de un pan."
6,¿En qué equipos ha jugado Imanol Alguacil?,"['Con estos dos equipos disputó un total de 121 partidos en la Primera División de España a lo largo de 9 temporadas. Trayectoria como jugador Imanol Alguacil nació en 1971 en la localidad guipuzcoana de Orio. Imanol destacó como un lateral derecho de gran proyección ofensiva, lo que le permitía jugar también en el centro del campo. Fue un jugador habitual en la Real Sociedad a principios de los años 1990, pero nunca acabó de consolidarse del todo en el equipo y finalmente su carrera fue a menos.', 'Imanol Alguacil Barrenetxea (Orio, 4 de julio de 1971) es un exfutbolista y entrenador español que actualmente dirige al primer equipo de la Real Sociedad. Fue conocido futbolísticamente como Imanol.\u200b Jugó en el puesto de lateral derecho en la Real Sociedad y Villarreal CF a lo largo de la década de 1990. Con estos dos equipos disputó un total de 121 partidos en la Primera División de España a lo largo de 9 temporadas.', '¡Lo hace a lo grande, marcando tres goles! En los siguientes siete encuentros este delantero nacido en Mondragón (Guipúzcoa) y que responde al nombre futbolístico de Arregui, ve puerta en cada uno de ellos: Tolosa, Cultural de Durango (2), Mirandés (3), Indauchu (3), Sestao, Erandio y Vasconia (2). ¡Racha de ocho jornadas consecutivas marcando con el Deportivo Alavés, que solamente es superada por Julio Elicegui –con nueve– en el Campeonato de Guipúzcoa de 1939.', 'También era entrenador de categorías inferiores. Un jugador de los ahora llamados todocampista, por su facilidad para ocupar las tres posiciones de la medular: Buen recuperador de balones y bajador como un pivote, buen distribuidor de juego como un mediocentro, y buen último pase con facilidad goleadora como un mediapunta. [cita requerida] Biografía Desde muy joven formó parte de las categorías inferiores del Club Deportivo Linares.', 'Formó parte del Pontevedra CF desde la temporada 1964-65 hasta la 1969-70. Con este equipo, alcanzó sus mayores logros deportivos, entre ellos el ser internacional con la selección española.\u200b El 6 de junio de 1976, se retiró perteneciendo al Albacete Balompié, en el partido Marbella-Albacete de tercera división. En este club, jugó 89 partidos y marcó 147 goles. Neme está considerado uno de los cinco mejores jugadores de toda la historia Albacete Balompié (junto a Juanito, Julián Rubio, Zalazar y Concejo).']","Durante su etapa como jugador, Imanol Alguacil ha jugado en la Real Sociedad, en el Villarreal, en el Real Jaén, en el Cartagonova y en el Burgos.","Imanol Alguacil Barrenetxea (Orio, 4 de julio de 1971) es un exfutbolista y entrenador español que actualmente dirige al primer equipo de la Real Sociedad. Fue conocido futbolísticamente como Imanol.​ Jugó en el puesto de lateral derecho en la Real Sociedad y Villarreal CF a lo largo de la década de 1990. Con estos dos equipos disputó un total de 121 partidos en la Primera División de España a lo largo de 9 temporadas. Trayectoria como jugador Imanol Alguacil nació en 1971 en la localidad guipuzcoana de Orio. Imanol destacó como un lateral derecho de gran proyección ofensiva, lo que le permitía jugar también en el centro del campo. Fue un jugador habitual en la Real Sociedad a principios de los años 1990, pero nunca acabó de consolidarse del todo en el equipo y finalmente su carrera fue a menos. Fue integrante de la plantilla del Villarreal CF, que debutó en Primera división en la temporada 1998-99, y acabó jugando en varios equipos en Segunda y Segunda B antes de retirarse."
7,¿En qué categoría juega el equipo de fútbol de Torredonjimeno?,"['La Unión Deportiva Ciudad de Torredonjimeno es un club de fútbol de la ciudad de Torredonjimeno, (Jaén) que en la actualidad compite en el Grupo IX de la Tercera División de España. Historia Fundación y primeros años La UDCT nació en 2009 para sustituir al histórico Torredonjimeno C. F., que había desaparecido ese mismo año debido a las deudas que arrastraba.', 'El Torredonjimeno Club de Fútbol fue un club de fútbol español de la ciudad de Torredonjimeno en Jaén. Fue fundado en 1940 y desapareció en 2009, año en que se funda la Unión Deportiva Ciudad de Torredonjimeno para sustituir al desaparecido club. Historia El Torredonjimeno Club de Fútbol fue fundado en 1940.', 'Aunque esto sea historia del equipo de fútbol de Torredonjimeno, destaca el hecho de que se nombre a Arregui en otros clubes. Selección nacional El 8 de noviembre de 1953, fue convocado por la selección española, cuando el Jaén estaba aún en Segunda División, para jugar un partido amistoso frente a la selección de fútbol de Suecia en un partido celebrado en Bilbao en el estadio de San Mamés, aunque no debutó con la selección.', 'Cabe decir que esta nueva unión deportiva tiene como principales objetivos la formación y competición de la cantera local, la U. D. Ciudad de Torredonjimeno posee un equipo filial que milita en las categorías provinciales. En el año 2012 se crea el otro representante futbolístico sénior de la localidad, el CD Tosiria Otro representante del deporte en esta localidad es el Patín Bar Cachorro F.S que actualmente milita en la 1.ª división provincial de fútbol sala.', 'Club Deportivo Torreperogil es un equipo de fútbol español, localizado en Torreperogil, Andalucía.\u200b Fundado en 1975 y refundado en 2008, actualmente milita en Tercera División RFEF. Disputa los partidos como local en el Estadio Abdón Martínez Fariñas, con una capacidad de 3.000 espectadores.\u200b Historia Hubo varios equipos antes que Torreperogil, como fueron el UD Perogilense, AD Torres y Sporting de Torreperogil.']",El Unión Deportiva Ciudad de Torredonjimeno compite actualmente en el grupo nueve de la Tercera División.,"La Unión Deportiva Ciudad de Torredonjimeno es un club de fútbol de la ciudad de Torredonjimeno, (Jaén) que en la actualidad compite en el Grupo IX de la Tercera División de España. Historia Fundación y primeros años La UDCT nació en 2009 para sustituir al histórico Torredonjimeno C. F., que había desaparecido ese mismo año debido a las deudas que arrastraba."
8,¿Cómo se llama el estadio del equipo de fútbol sala de Jaén?,"['El estadio fue construido pensando que el Real Jaén CF se mantendría en Segunda División, por lo que cuenta con unas buenas instalaciones y un acabado impecable. Cuenta con terreno de juego de césped artificial debajo del terreno de césped natural (al cual se accede desde los vestuarios) que se usa para la preparación física de los jugadores. El estadio se encuentra a las afueras de la ciudad de Jaén, en la Carretera de Granada, lo que lo hace menos accesible para los aficionados que su predecesor.', 'El antiguo estadio de La Victoria (Jaén) fue el estadio donde disputó sus partidos como local el Real Jaén C. F. entre 1944 y 2001. Se inauguró el 29 de octubre de 1944, cuando al Real Jaén CF todavía se le conocía como la Olímpica Jiennense. El equipo militaba por aquel entonces en Tercera División, y a esta categoría correspondió el partido inaugural, que enfrentó al equipo jiennense contra el Algeciras CF y que terminó con empate a 2 goles.', 'Deporte Entidades La entidad deportiva más importante de la ciudad es el Real Jaén Club de Fútbol,\u200b que milita en el grupo noveno de la tercera división, es el equipo más representativo de la ciudad y provincia, habiendo militado tres temporadas en primera división. Su estadio, La Victoria, es de uso exclusivo del club, y que cuenta con capacidad para 12 569 espectadores.También ha sido creado en la temporada 2017-18, el Inter de Jaén C.F., que milita en Segunda Andaluza.', 'El Real Jaén Club de Fútbol, S. A. D. es un club de fútbol español de la ciudad de Jaén (Andalucía). Fue fundado en 1929 como Sociedad Olímpica Jiennense hasta que en 1947 cambió su denominación a Real Jaén CF. Milita actualmente en el Grupo 9 de la Tercera Federación y juega sus partidos en el Estadio de la Victoria con capacidad para 12 569 espectadores.', 'El estadio de La Victoria es un estadio de fútbol localizado en Jaén, España, en el cual disputa sus partidos como local el Real Jaén Club de Fútbol. Heredó su nombre del anterior estadio, que se encontraba situado en el céntrico barrio jienense de La Victoria. Historia Se inauguró el 29 de agosto de 2001, celebrándose el primer partido oficial el 2 de septiembre. Hasta entonces, el Real Jaén disputaba sus partidos en el Antiguo Estadio de la Victoria.']",El estadio del Jaén Fútbol Sala es el Olivo Arena.,"El Palacio de Deportes Olivo Arena , conocido simplemente como Olivo Arena es un pabellón de la ciudad de Jaén (España). En él juega sus partidos de Primera División de fútbol sala el Jaén Paraíso Interior y también se albergan grandes eventos.​ Historia El pabellón se inaugura en 2021 y se convierte en la nueva casa del Jaén Paraíso Interior para disputar sus partidos de Primera División de fútbol sala.​ Puede albergar distintos tipos de eventos."
9,¿Cuando se prevé que acabarán las obras del CETEDEX?,"['La construcción de dicha autovía llevaba siendo reivindicada desde hace años. Estaba previsto que las obras de la autovía A-81 comenzasen sobre el 2013 (o antes) y finalizaran en su totalidad sobre el 2020, aunque se haría por tramos. En la actualidad dicho proceso no ha comenzado.', 'El último tramo desde Iznájar hasta la A-92 será sometido a pequeñas reformas una vez las obras del resto de tramos estén finalizados. La A-333 se queda de nuevo fuera del cupo del PISTA 2016-2020, es por ello que como mínimo hasta 2020, los tramos restantes no serán planificados. \u200b Tramos El estado de las obras de los diferentes tramos es el siguiente:', 'Obras La construcción del campus principal se compone de dos fases: Vallado. Licitación prevista para abril de 2023 y ejecución entre julio y diciembre de 2023. Urbanización y edificaciones. Licitación prevista para septiembre de 2023 y ejecución de las obras durante 24 meses, a partir de julio de 2024. Por su parte, la recepción de la capacidad inicial se espera para diciembre de 2026 y la capacidad completa para finales de 2029.\u200b El proyecto aún no tiene concreción alguna en planos o presupuesto.', 'No obstante, el contrato de 11 de diciembre de 1542, realizado esta vez sin pública licitación, establece como condiciones la culminación del proyecto por un total de 3700 ducados y en un plazo de dos años y medio: a finales de mayo de 1543 la obra debería estar a nivel de basas; en junio de 1544 a altura de capiteles; en Navidad de 1544 terminadas las paredes y selladas las capillas; y el último plazo, en junio de 1545, debería estar fechada y acabada.', 'Dado que en 2005, transcurridos los diez años del periodo de cumplimiento, no se habían alcanzado aún los valores previstos, el emplazamiento continúa en periodo de cumplimiento.\u200b En 1999 el sellado de las minas y el almacenamiento bajo un montículo de 400 jaulas con residuos radiactivos se consideraba el final de la tarea de desmantelamiento de la mina de Andújar aunque dicho desmantelamiento y la recuperación de espacios no supone que hayan terminado los problemas medioambientales ya que el Consejo de Seguridad Nuclear debe realizar anualmente una inspección para conocer los índices de contaminación de las aguas subterráneas, que todavía son superiores a los establecidos dentro del emplazamiento de la fábrica.\u200b\u200b Exposición a la radiactividad A principios de los años 70 del siglo XX aparecieron las primeras secuelas de la exposición a la radiactividad registrándose la muerte de varios trabajadores y numerosos afectados por cáncer y otras enfermedades.\u200b\u200b Afectados por radiactividad En 1991 se constituyó la asociación de afectados por la fábrica de uranio de Andújar para agrupar y representar a los trabajadores y familiares de la fábrica que se vieron afectados por exposición a radiactividad.']","Se prevé que para diciembre de 2026 se alcance una capacidad inicial, mientras que para finales de 2029 sería la capacidad completa.","El Centro Tecnológico de Desarrollo y Experimentación o CETEDEX es un centro dependiente del Ministerio de Defensa, y adscrito al Instituto Nacional de Técnica Aeroespacial (INTA) anunciado en diciembre de 2022​ y cuya construcción se proyecta entre 2023 y 2029 en Jaén. El centro contará con un campus principal de 8 hectáreas y un campo de pruebas avanzado de 600 hectáreas​ en el Parque Empresarial Nuevo Jaén. Obras La construcción del campus principal se compone de dos fases: Vallado. Licitación prevista para abril de 2023 y ejecución entre julio y diciembre de 2023. Urbanización y edificaciones. Licitación prevista para septiembre de 2023 y ejecución de las obras durante 24 meses, a partir de julio de 2024. Por su parte, la recepción de la capacidad inicial se espera para diciembre de 2026 y la capacidad completa para finales de 2029​. El proyecto aún no tiene concreción alguna en planos o presupuesto."
10,¿A qué se dedica la empresa Doña Jimena?,"['Doña Jimena es la marca comercial del grupo Productos J. Jiménez S. A. dedicada a la producción de turrones, bombones y dulces navideños entre otros productos. Posee tres fábricas, la principal en Alcaudete en la provincia de Jaén, otra en Sonseca, en la provincia de Toledo y la última en Noguerones (pedanía de Alcaudete) dedicada a la producción de aceite de oliva. En la actualidad está presente en 60 países, en algunos de ellos a través de filiales propias.', 'Durante los primeros 30 años, Doña Jimena produjo los típicos productos navideños como mazapanes, turrones de almendra, hojaldres, etc. Pero ya en 1990 la empresa decide fabricar también productos chocolateros como snacks, bombones y chocolates belgas entre otros. En la actualidad\u200b La marca ""Doña Jimena"" esta hoy en día presente en más de 60 países de América, Europa, Oriente Medio y Asia. En México, Argentina, Portugal y Estados Unidos está presente a través de filiales propias.', 'En la actualidad está presente en 60 países, en algunos de ellos a través de filiales propias. Historia En 1961 Jerónimo Jiménez funda en Alcaudete (provincia de Jaén) la empresa Productos J. Jiménez con la intención de producir dulces navideños. Registró la marca Doña Jimena en honor a la historia y tradición española en el nombre de la esposa del Cid Campeador, Jimena Díaz (Doña Jimena).', 'El acuerdo, fruto de las negociaciones iniciadas en Japón en 2005 por los responsables de la Consejería de Innovación, Ciencia y Empresa y Santana Motor con los de la compañía nipona, contempló además la cesión a Santana Motor, a partir de septiembre de 2009 de la plataforma sobre la que se fabricó el modelo Jimny para que la firma jiennense comercializara este todoterreno con su marca, al igual que venía haciendo con el Vitara desde 2006.', 'Esta empresa mixta está formada por el Excmo. Ayto. de Linares (51 % de participación) y el socio tecnológico FCC Aqualia, S.A. (49 % de participación), perteneciente al grupo Fomento de Construcciones y Contratas, S. A\u200b Linaqua se encarga de los trabajos de captación, tratamiento, abastecimiento, alcantarillado, depuración, gestión de clientes y gestión de la piscina municipal cubierta.']","La marca comercial Doña Jimena se dedica a la producción de turrones, bombones y dulces navideños, entre otros productos.","Doña Jimena es la marca comercial del grupo Productos J. Jiménez S. A. dedicada a la producción de turrones, bombones y dulces navideños entre otros productos. Posee tres fábricas, la principal en Alcaudete en la provincia de Jaén, otra en Sonseca, en la provincia de Toledo y la última en Noguerones (pedanía de Alcaudete) dedicada a la producción de aceite de oliva. En la actualidad está presente en 60 países, en algunos de ellos a través de filiales propias."
11,¿Qué es el Expoliva?,"['Además, con carácter bianual, en la institución ferial, se celebra Expoliva, Feria Internacional del Aceite de Oliva e Industrias Afines, referente a nivel mundial del sector del olivar, el aceite de oliva y su industria.\u200b En el mes de junio tienen lugar las «Ferias y fiestas en honor a la Virgen de la Capilla», co-patrona de la ciudad, además de conciertos, como el Lagarto Rock, y festejos taurinos.', 'Simposium Científico-Técnico y premios Expoliva El Simposium es una actividad paralela a la feria, y que se compone de 5 foros: Foro de la Salud y el Aceite de Oliva Foro de la Industria Oleícola, Tecnología y Calidad Foro de la Cultura del Aceite de Oliva Foro Económico y Social Foro del Olivar y Medio Ambiente También se celebran los diferentes Concursos y premios que distinguen la calidad del Aceite de Oliva Virgen Extra: Premio a la Calidad del Aceite de Oliva Virgen Premio de Innovaciones Técnicas Premio mejor alimento elaborado con Aceite de Oliva Premio ""Gran Picual"" Premio de periodismo Premio al mejor diseño de Stand Organizadores Organizan: Ferias Jaén, y Fundación del Olivar', 'El Ajilimojili (aunque aparece también como Ajili-Mójili, Ajili Mojili, ajilimójili, ajilimoje o ajioli jiennense) es una salsa vinagreta típica de muchas regiones deEspaña.\u200b\u200b Consiste en una especie salsa de ajo (ajos machacados) que posee diversas formas de preparación. Características Se suelen mezclar los ingredientes en un recipiente con el objeto de hacer la emulsión.', 'Expomayores: Exposición dedicada a las personas mayores de Andalucía. ART JAÉN: Feria de Arte moderno y contemporáneo de Jaén. Alimensur: Feria de la Alimentación y la Restauración. Tierra Adentro: Feria de Turismo Interior de Andalucía. Ibercaza: Feria de la Caza y la Pesca de la Provincia de Jaén Equima: Feria del Toro y del Caballo. Expoliva: Feria Internacional del Aceite de oliva e Industrias Afines. Savoc: Salón del Vehículo de Ocasión.', 'Se trata de la base de la gastronomía de la zona y es la actividad que mayor riqueza y empleo general. Las explotaciones son de olivar tradicional de secano y regadío situado en pendientes con un desnivel medio entre el 10-15%. La variedad picual es la predominante. En cuanto a premios y reconocimientos, en 2019 El Santuario de Mágina Selección Temprana (Jaén) de la SCA San Isidro Labrador de Huelma quedó el primero de su categoría en los premios de la publicación Evooleum.']",Expoliva es una feria internacional del aceite de oliva que se celebra cada dos años en la ciudad de Jaén.,"Feria Internacional del Aceite de oliva e Industrias Afines Se trata de una feria de carácter bienal promovida desde 1990 por la Fundación del Olivar, que se en la ciudad de Jaén, en la Comunidad Autónoma de Andalucía, en España. Su carácter internacional la convierte en la referencia mundial de las ferias dedicadas al sector del aceite de oliva. Se celebra desde el año 1983, y desde 1997 tiene lugar en el Recinto Provincial de Ferias y Congresos de Jaén (IFEJA)."
12,¿Cuántos habitantes tiene Santiago de Calatrava?,"['Entre sus aldeas y cortijadas destacar Peñolite, Pedronares (antiguamente), El Tamaral y Los Avileses. Geografía humana Demografía Cuenta con una población de 2188 habitantes (INE 2024).', 'El municipio santiagueño comprende el núcleo de población de Santiago de Calatrava —capital municipal— y diversos diseminados. Historia En Santiago de Calatrava se han hallado vestigios arqueológicos de la época romana y árabe, lo que certifica la presencia en su territorio de población romana y árabe, de ahí su ancestral historia y cultura.', 'Esta habitada por 41 personas, 20 hombres y 21 mujeres. Es una aldea muy bonita con sus pasajes y callejones preciosos, el estilo rural de las casas… Se encuentra a las siguientes distancias de estas ubicaciones: - Nacimiento del Guadalquivir: 32 km - Cazorla: 12 km - Entrada a la Sierra de Cazorla, Segura y Las Villas: 5,2 km En 2001 hubo un grave incendio en la Sierra de Cazorla que casi afecta a algunas pedanías, pero la zona ya es replantada.', 'Este artículo trata sobre el municipio jiennense. Para el arquitecto valenciano, véase Santiago Calatrava. Santiago de Calatrava es una localidad y municipio español situado en la parte occidental de la comarca Metropolitana de Jaén, en la provincia de Jaén. Limita con los municipios jienenses de Higuera de Calatrava, Torredonjimeno y Martos; y con los municipios cordobeses de Baena y Valenzuela.', 'Se encuentra a 7 km de Villacarrillo, en la parte suroccidental de la comarca de Las Villas.\u200b Según el INE, en el año 2018 constaba de una población de 912 personas.\u200b Se ubica en la vega del Guadalquivir, en la junta de los ríos Aguascebas y Guadalquivir.\u200b Economía La economía de la pedanía se sustenta principalmente en la producción de aceite de oliva, y en menor medida, del turismo rural y la hostelería.']","Santiago de Calatrava cuenta con una población de 657 habitantes a fecha de 2023, según el INE.","Este artículo trata sobre el municipio jiennense. Para el arquitecto valenciano, véase Santiago Calatrava. Santiago de Calatrava es una localidad y municipio español situado en la parte occidental de la comarca Metropolitana de Jaén, en la provincia de Jaén. Limita con los municipios jienenses de Higuera de Calatrava, Torredonjimeno y Martos; y con los municipios cordobeses de Baena y Valenzuela. Tiene 655 habitantes (según datos del INE de 2022), sobre un término municipal de 47,66 km². Geografía humana Demografía Cuenta con una población de 657 habitantes (INE 2024). Organización político-administrativa Elecciones municipales Alcaldía Economía Se trata de un municipio fundamentalmente agrícola cuya economía se basa en el olivo. Cultura Monumentos Iglesia parroquial de Nuestra Señora de la Estrella, templo barroco. Antigua Cámara Agraria (Hoy hogar del jubilado). Casa Consistorial."
13,¿Qué animales se pueden encontrar en Despeñaperros?,"['Entre los mamíferos destacan el jabalí en las zonas más espesas del bosque mediterráneo, la cabra montés en zonas como la Peña o sierra de la Grana; depredadores como el zorro, el tejón, el turón, la jineta, la nutria, la garduña, la comadreja o el gato montés. Hay lagomorfos como el conejo de campo o la liebre y roedores como el ratón de campo, la rata de agua y el lirón careto.', 'Aves no acuáticas como el pájaro moscón, la cigüeña, el chorlitejo chico, carbonero común, curruca capirotada, curruca cabecinegra, mirlo común, pinzón vulgar, cernícalo común, ratonero común, águila calzada y aguilucho lagunero. También podremos encontrar mamíferos como jinetas, tejones, ciervos, jabalíes y conejos. En cuanto a anfibios, destacan el gallipato, la ranita meridional, la ranita de San Antón, la rana común y el sapo común.', 'Como mamíferos destacan la nutria, el zorro, y especies cazables como el muflón, el gamo, el jabalí y el ya mencionado ciervo.\u200b A pocos kilómetros del embalse, el relieve y la vegetación se transforman notablemente, alternándose el olivar con dehesas alomadas en las que pacen reses bravas.\u200b En el embalse habitan especies comunes como el black bass, la carpa y el barbo.', 'Dentro del grupo de los mamíferos, destacan los roedores y otros carnívoros como perros y gatos callejeros, además de algunos murciélagos. En cuanto a los reptiles, cabe mencionar las lagartijas, salamanquesas y culebras. Las aves son las mejor representadas de la fauna urbana debido a su capacidad de desplazamiento. Además de palomas y gorriones, en las partes elevadas anidan también otros pájaros como la cigüeña blanca e incluso algunas rapaces, como el cernícalo primilla, el autillo y la lechuza común.', 'Estos animales encuentran en estos espacios uno de sus últimos refugios. Otra especie, como el lobo ibérico, desapareció de los montes del término en los años 60, siendo vistos posteriormente ejemplares provenientes de la sierra de Andújar. Dentro de la variedad de animales que habitan en esta zona podemos encontrar el ciervo, el gamo, el jabalí, el muflón, zorro, búho real, jineta y una gran cantidad de aves.']","En Despeñaperros se pueden encontrar principalmente ciervos y jabalíes, aunque también pueden encontrarse con menor probabilidad linces, lobos y zorros. En cuanto a aves, destacan el águila imperial y el buitre leonado.","El Parque natural de Despeñaperros es un espacio natural protegido situado en el municipio de Santa Elena, al norte de Andalucía y excavado por el río Despeñaperros. Fue declarado Parque natural por la Junta de Andalucía por sus valores geológicos, paisajísticos, así como por su flora y fauna destacables, y cuenta con una extensión de 7649 ha. Por otra parte, en el parque natural existen treinta endemismos únicos en el mundo y otras especies únicas en la península ibérica. Fauna Hay una importante presencia de ciervo y jabalí, sobre los que se mantienen autorizadas monterías de caza, pero es más destacable la existencia de algunos pocos ejemplares de lince ibérico y de lobo ibérico, así como pequeños carnívoros como el zorro, el meloncillo y el gato montés. Entre las aves que habitan Despeñaperros destaca el águila imperial y el buitre leonado."
14,¿Cuál es la longitud del río Cambil?,"['El río Cambil es un río del sur de la península ibérica perteneciente a la cuenca hidrográfica del Guadalquivir, que discurre íntegramente por la provincia de Jaén (España). Curso El río nace en pleno centro de la localidad de Cambil, de la confluencia del río Oviedo y el río Villanueva. Realiza un recorrido de unos 9 km, primero en dirección norte-sur y después en sentido este-oeste hasta su desembocadura en el río Guadalbullón, a su vez afluente del río Guadalquivir. Tiene por afluente al río Arbuniel.', 'Curso Discurre por la provincia de Jaén.\u200b Nace al pie del monte ""Torre de Gallarin"", en el término municipal de Cambil y, tras pasar por un barranco en dirección oeste, termina desembocando en el río Cambil.\u200b Aparece descrito en el primer volumen del Diccionario geográfico-estadístico-histórico de España y sus posesiones de Ultramar de Pascual Madoz con las siguientes palabras: Las aguas del río, perteneciente a la cuenca hidrográfica del Guadalquivir, acaban vertidas en el océano Atlántico. Notas', 'Tiene por afluente al río Arbuniel. Historia Con la construcción en 1906 del salto sobre el río Cambil llamado Piedra Romera llegó por primera vez la energía eléctrica a Cambil.\u200b', 'El castillo de Cambil se encuentra enclavado sobre un promontorio rocoso, frente al castillo de Alhabar, al oeste del pueblo de Cambil, provincia de Jaén.\u200b Fue construido en el siglo XII o anterior. Descripción El Castillo de Cambil ocupa toda la meseta aproximadamente rectangular del peñasco del mismo nombre. Está situado al oeste del pueblo de Cambil, y su lado Este está formado por una pared casi vertical que cae en picado sobre el río Cambil.', 'Tiene una longitud de 68 km según algunas fuentes.\u200b Toponimia El nombre del río procede del árabe wadi Fardis.\u200b Curso Nace en la sierra de Huétor, en el término municipal de Huétor Santillán, de la confluencia del arroyo de Prado Negro y el arroyo de las Perdices, aunque también recibe los aportes de otro grupo de manantiales de aguas termales de la zona de Diezma.']",El río Cambil tiene una extensión de 9 kilómetros.,"El río Cambil es un río del sur de la península ibérica perteneciente a la cuenca hidrográfica del Guadalquivir, que discurre íntegramente por la provincia de Jaén (España). Curso El río nace en pleno centro de la localidad de Cambil, de la confluencia del río Oviedo y el río Villanueva. Realiza un recorrido de unos 9 km, primero en dirección norte-sur y después en sentido este-oeste hasta su desembocadura en el río Guadalbullón, a su vez afluente del río Guadalquivir. Tiene por afluente al río Arbuniel."
15,Cuéntame la historia del tesoro de Torredonjimeno,"['El tesoro de Torredonjimeno es un conjunto de orfebrería visigoda compuesto por varias coronas votivas que los reyes visigodos ofrecieron a la Iglesia. Es muy parecido al Tesoro de Guarrazar aunque algo más tosco, posiblemente las coronas estuvieran dedicadas a las santas Justa y Rufina.', 'Por su ubicación el Molino del Cubo tiene un encanto evocador muy especial. Nada más llegar a este lugar tenemos la primera gran estampa que nos ofrece, justamente bajando hacia el cauce del Arroyo del Cubo, realmente espectacular y mágico, un paraje con un paisaje natural de un alto valor ecológico y paisajístico. Además este lugar tiene una leyenda de tradición oral muy popular y extendida entre todos los tosirianos: la del famoso fantasma o miedo que habita el antiguo molino harinero.', 'En un trampantojo de un carmen del Albaicín queda el testimonio del enigmático amor entre Ángel Ganivet y Casta Cabezas. La restauración del trampantojo no solo irá desvelando los detalles sino que un siglo después, actuará como un juego de espejos para dejar traslucir los sentimientos —amor, pasión, amistad— de los protagonistas que parecen condenados a revivir la misma pasión inútil representada en la pintura. Cuaderno de viaje, Finalista Premio Planeta (Planeta, 2000).', 'De aquí lo comentado en el apartado Historia reciente. Después del paso por Torredonjimeno de los pueblos bárbaros, las noticias que hoy en día se conservan sobre el poblamiento asentado en esa época en el municipio son muy escasas. A pesar de ello debió resistir como así se testifica con la aparición, en 1926, de un tesoro visigodo similar al de Guarrazar. Este estaba compuesto por coronas votivas y varias cruces y constituía uno de los mayores conjuntos de orfebrería de este periodo en España.', 'En el año 2005 Torredonjimeno ha sido declarada por la Consejería de Cultura de la Junta de Andalucía, como Bien de Interés Cultural en la categoría de Conjunto Histórico, como reconocimiento de los valores urbanísticos e históricos de la ciudad.\u200b Yacimientos arqueológicos Es necesario destacar los restos arqueológicos que se han encontrado en Torredonjimeno a lo largo del tiempo.']","El tesoro de Torredonjimeno es un conjunto de orfebrería visigoda compuesto por varias coronas votivas que los reyes visigodos ofrecieron a la Iglesia. Fue encontrado en 1926 en Torredonjimeno, provincia de Jaén, cerca de la actual Ermita de la Virgen de Consolación por un campesino que se encontraba trabajando en el campo. Pensando que las piezas carecían de valor, se las dio a los hijos que se entretenían desmontando las joyas y mezclándolas con barro. Tiempo después apareció un trapero que compró las piezas. Ahí se le pierde el rastro, hasta que vuelve a aparecer en los años 40. Actualmente está repartido entre los Museos Arqueológicos de Madrid, Barcelona y Córdoba, aunque en el castillo de Torredonjimeno se exponen sus réplicas.","El tesoro de Torredonjimeno es un conjunto de orfebrería visigoda compuesto por varias coronas votivas que los reyes visigodos ofrecieron a la Iglesia. Es muy parecido al Tesoro de Guarrazar aunque algo más tosco, posiblemente las coronas estuvieran dedicadas a las santas Justa y Rufina. Fue encontrado en 1926 en Torredonjimeno, provincia de Jaén, cerca de la actual Ermita de la Virgen de Consolación, en una finca de olivar, a 2 km del núcleo urbano del pueblo y a 4 km de Martos, por un campesino que se encontraba trabajando en el campo. Pensando que las piezas carecían de valor, se las dio a los hijos que se entretenían desmontando las joyas y mezclándolas con barro. Tiempo después apareció un trapero que compró las piezas. Ahí se le pierde el rastro, hasta que vuelve a aparecer en los años 40, fragmentado. El Tesoro se encuentra actualmente repartido entre los Museos Arqueológicos de Madrid, Barcelona y Córdoba.​ Corona La corona votiva que se conserva en la sede de Barcelona del MAC iría suspendida sobre el altar de una iglesia como ofrenda de los poderosos de la época a Dios y a los santos, con el fin de obtener su protección."
16,¿Por qué se libró la batalla de Bailén?,"['Lugares históricos de las batallas Dada la importancia de la batalla de Baecula que volcó la segunda guerra púnica a favor de los romanos, de Navas de Tolosa que abrió toda Andalucía a la conquista castellana o de Bailén que significó el comienzo del ocaso de Napoleón, y su primera gran derrota, y la proximidad espacial de las tres, es posible contar con un patrimonio excelente que, sin embargo, está por reconstruir.', 'La batalla de Úbeda tuvo lugar entre el 16 y el 24 de julio de 1212 entre los cristianos del rey de Castilla Alfonso VIII y los restos del ejército musulmán recién derrotado en la batalla de las Navas de Tolosa, llamada por los musulmanes batalla de Hisn al-Iqab, realizada poco antes al principio de ese mismo lapso; la toma de Úbeda era tan importante que incluso los cronistas llamaban a la batalla de Las Navas ""batalla de Úbeda"" en sus obras, ya que de algún modo entendían que constituía el final o conclusión de la misma.', 'Vedel, al ver las tropas, se resistió a creer que la batalla había acabado y ordenó atacar. Una vez iniciado este ataque, llegó una orden escrita de Dupont del cese del combate, con lo que a las seis de la tarde cesó todo fuego en Bailén. El hecho de que el enfrentamiento tuviese lugar a las mismas puertas de Bailén pudo ser decisivo para la victoria española: la población local apoyó en todo cuanto pudo a sus tropas.', 'Primero, la agresividad de Escipión, quien buscó dar batalla antes que sus enemigos unieran fuerzas y lo rodearan.\u200b Segundo, por qué no persiguió a los vencidos después del combate, para hacerlo debía entrar en planicies donde la superior caballería cartaginesa tendría la ventaja si se encontraba con los otros generales.', 'En 2008 se celebra el Bicentenario de la batalla de Bailén, siendo un año repleto de actividades, y en el que destacó la reconstrucción histórica de la batalla con la participación de casi 800 personas de toda Europa. Por los motivos históricos de 1808 que le unen con la ciudad de Móstoles, el mismo año se hermanó con ella. Demografía Cuenta con una población de 17 264 habitantes (INE 2024).']","La batalla de Bailén se libró durante la Guerra de la Independencia Española para detener el avance del ejército napoleónico hacia el sur de España y proteger Andalucía, donde se organizaban tropas españolas para resistir la ocupación francesa.","La batalla de Bailén se libró durante la Guerra de la Independencia Española y supuso la primera derrota en campo abierto de la historia del ejército napoleónico. Tuvo lugar el 19 de julio de 1808 junto a la ciudad jienense de Bailén. Enfrentó a un ejército francés de unos 21 000 soldados al mando del general Dupont con otro español más numeroso (unos 27 000) a las órdenes del general Teodoro Reding, aunque el general en jefe del llamado Ejército de Andalucía era el general Castaños."
17,¿Qué representa el Mosaico de los Amores?,"['""Afines\u200b"" (2024): Una celebración de la unión y las conexiones humanas, explorando cómo dos cuerpos comparten un mismo universo. La obra combina elementos rituales con un profundo simbolismo emocional, destacando por su fuerza visual y narrativa.', 'Las figuras humanas y los animales salvajes bajo tonalidades azules conforman principalmente el emblema de Cástulo, y todas tienen un carácter mitológico y simbólico. Los cuartos de círculo que hay en cada uno de los ángulos del mosaico lo forman los bustos alegóricos de las estaciones, con su correspondiente iconografía y atributos típicos. La primavera: Aparece representada una mujer con el torso completamente desnudo y cubierta por un manto de un tono azulado que le cae por el hombro izquierdo.', 'Sin embargo, se destruyó en el siglo II, tras su muerte. Se trata de un mosaico muy colorido que presenta motivos geométricos, con teselas que forman cuatro octógonos grandes que conforman otros más pequeños en el centro.', 'En un trampantojo de un carmen del Albaicín queda el testimonio del enigmático amor entre Ángel Ganivet y Casta Cabezas. La restauración del trampantojo no solo irá desvelando los detalles sino que un siglo después, actuará como un juego de espejos para dejar traslucir los sentimientos —amor, pasión, amistad— de los protagonistas que parecen condenados a revivir la misma pasión inútil representada en la pintura. Cuaderno de viaje, Finalista Premio Planeta (Planeta, 2000).', 'En las pechinas muestra triángulos con acodo, decorados con ovas, flechas, husos y cuentas, temas que se repiten en el arco toral que da acceso al segundo espacio. Este, de planta rectangular cubierto con bóveda de cañón y lunetos.']","El Mosaico de los Amores representa que el exceso de pasión tiene sus consecuencias trágicas. A través de historias mitológicas como el Juicio de Paris y el mito de Selene y Endimión, se muestra cómo el amor y el deseo pueden llevar a resultados destructivos y finales trágicos. Los animales y Erotes en el mosaico refuerzan esta idea, simbolizando el engaño y la seducción.","A partir del año 2011, con la creación del Conjunto Arqueológico de Cástulo,​ y a través del proyecto de investigación Forum MMX,​ se han retomado las excavaciones arqueológicas que han sacado a la luz restos de edificaciones públicas, concretamente un posible templo de época imperial del siglo II​ que cuenta con muros estucados con motivos geométricos​ y un pavimento de mosaico en un gran estado de conservación.​ Hallazgos Mosaico de los Amores El mosaico es una alfombra de más de 750.000 teselas enlazadas en el suelo de un edificio, que data alrededor del siglo II o I a. C.​ Se trata de una composición geométrica en blanco, negro y ocre, marcando los emblemas por sus cuatro lados."
18,¿Dónde puede crecer la Viola cazorlensis?,"['La Violeta de Cazorla o Viola cazorlensis es una especie endémica de la Sierra de Cazorla, Segura y las Villas, de carácter rupícola florece en primavera sobre las rocas calizas de la Sierra. También se han encontrado ejemplares en las vecinas Sierra Mágina y Sierra Del Segura. Taxonomía Viola cazorlensis fue descrita por Michel Gandoger y publicado en Bull. Assoc. Franç. Bot. 5: 226, en el año 1902.\u200b\u200b', 'Rivasmartinezia cazorlana es una especie endémica de la sierra de Cazorla, Segura y las Villas, descrita en 2016. Es una hierba perenne y fuertemente aromatizada.\u200b Descripción Hierbas perennes de fuerte olor, de 20 hasta 40 cm de altura, con grueso rizoma (15-20 mm). Hojas basales de cuatro a seis, con el peciolo más corto que el limbo. Flores blancas, con pétalos blancos de 1 a 1,4 mm de largo, dispuestas en umbelas compuestas. Mericarpos de 4,5- 6,0 x 1,2-1,5 mm, estrechamente elipsoidales.', 'Plantas rupícolas ó de Rocalla, plantas que se encuentran en rocas y pedregales, al necesitar un sustrato con muy alto contenido en cal. Entre estas plantas están la mayoría de los endemismos de estas sierras tal como la violeta de Cazorla. Plantas de hoja caduca, aquí se encuentran los Robles caducifolios tal como {\\displaystyle } Quercus faginea y Quercus pyrenaica, además de cornicabra, . .', 'Junto al esparto se desarrollan los albardinales, el saladillo o cenizo, vegetación propia de zonas subdesérticas, la alcaparra y la retama, entre otra vegetación esteparia. En el transcurso del río Jandulilla son abundantes los tarays, adelfas, adelfillas, la caña común y los cañaverales entre la flora principal.', 'cazorlensis. También destaca la Rivasmartinezia cazorlana, especie vegetal única en el mundo.\u200b Dentro del parque se encuentra el Jardín Botánico Torre del Vinagre, donde se pueden conocer las plantas más representativas debidamente rotuladas. Fauna Su fauna es rica y variada, destacando la gran cabaña ciervos, cabras montesas Zorro y jabalíes, así como importantes poblaciones de muflón y gamo, estas dos últimas fueron introducidas con fines cinegéticos.']","La Viola cazorlensis es una especie endémica que crece en la Sierra de Cazorla, Segura y las Villas.","La Violeta de Cazorla o Viola cazorlensis es una especie endémica de la Sierra de Cazorla, Segura y las Villas, de carácter rupícola florece en primavera sobre las rocas calizas de la Sierra. También se han encontrado ejemplares en las vecinas Sierra Mágina y Sierra Del Segura. Taxonomía Viola cazorlensis fue descrita por Michel Gandoger y publicado en Bull. Assoc. Franç. Bot. 5: 226, en el año 1902."
19,¿Cuánto pesa una serrana?,"['Tiene unos 50-70 cm de altura en la cruz y una cola de 12-14 cm. Los machos pesan entre 11 y 20 kg y las hembras menores, entre 9 y 12 kg, aunque puede haber grandes diferencias de unos ejemplares a otros. Especie endémica de la península ibérica. En la actualidad solo habita en las Sierras de Cardeña y Andújar (Sierra Morena) y en el área de Doñana. Se calcula que quedan unos 200 ejemplares.', ': 3050 kg Sobre eje 1: 1072 kg Sobre eje 2: 2150 kg Peso en orden de marcha: 2140 kg Sobre eje 1: 980 kg Sobre eje 2: 1160 kg Carga máxima: 1000 kg Peso máximo remolcable: Sin freno auxiliar: 750 kg Con freno auxiliar: 3000 kg Asientos 5/7 Caja de cambios y transmisión Modelos Caja de velocidades (1.ª serie): Santana LT85, manual de 5 velocidades, incluye reversa Caja de velocidades (2.ª serie): ZF-85-31, manual de 5 velocidades, incluye reversa (a partir de 2005) Tipo de la caja de transferencia: de doble reducción.', 'La corona también es de esta época, realizada en “plata de ley con sobredorado”. Lo más valioso del ajuar es la cruz de plata del taller de León de Jaén, con un peso de 28 libras y 14 onzas, fechada en 1864, con un coste de 4.650 pesetas. El peso del metal sería el equivalente a unos 13 kilos con 282,5 gramos de hoy. No sería exagerado decir que la túnica de Viernes Santo y la cruz de plata de la hermandad se encuentran entre los objetos más preciados de toda la Semana Santa giennense.', 'Un costal es un saco de arpillera que no sólo servía para contener y transportar mercancía (habitualmente grano, frutas con cáscara dura o alimentos en general con gran consistencia), sino que también servía de medida para su contenido; este saco se enrolla sobre un relleno alargado y mullido (""morcillo"") que será donde se apoye el peso a portar quedando a la altura de las cervicales.', 'Consiste en una conducción de 120 km, siete balsas de regulación y dos minicentrales hidroeléctricas para transportar 50 hm³ anuales..\u200b La presa La Presa del Negratín (1.984) es de tipo mixta, de Gravedad y Materiales sueltos con pantalla asfáltica, planta recta, tiene una altura sobre el cauce de 67 m y sobre cimientos de 75 m. La longitud de coronación es de 439 m y el ancho de coronación de 10 m, siendo el volumen total del cuerpo de la presa de 1061,11 m³.']","Una pajuna o serrana puede pesar alrededor de 600 kilos en el caso de los machos, y 375 kilos en el caso de las hembras.","La pajuna o serrana es una raza vacuna española autóctona de Andalucía. Se distribuye por las provincias de Granada y Jaén. Con un peso de entre 375 kilos en hembras y 600 kilos en machos,​ esta raza posee un pelaje castaño con zonas oscurecidas; su cabeza es desproporcionadamente grande y su cara larga y recta. Utilizada para la tracción y la producción de carne."
20,¿Cuál es la altura de Jabalcuz?,"['El cerro se encuentra en la última rama del macizo de Jabalcuz, que forma parte de la Sierra de La Grana. La cima tiene una altura de 700 metros sobre el nivel del mar, cuya superficie abarca unos 70 metros de longitud, con una inclinación de este a oeste. Las zonas del Norte y el Este descienden con desigual brusquedad hasta los 400 metros, las zonas Oeste y Sur tienen una elevación mayor con respecto al entorno de 10 metros y en las cuales además se encuentra la muralla.', 'Se sitúa entre los términos municipales de Los Villares, Jamilena, Torredelcampo y Jaén, y su altitud es de 1614 m s. n. m. Jabalcuz suele ser considerada erróneamente de manera popular como un volcán,\u200b siendo en realidad una elevación caliza de origen sedimentario donde existen manantiales termales de origen kárstico, cuyas aguas se calientan debido al gradiente geotérmico.\u200b La existencia de estos manantiales termales determinó la construcción del antiguo balneario y jardines de Jabalcuz.', 'Jabalquinto es una localidad y municipio español de la provincia de Jaén, Andalucía. Se encuentra a 496 m de altitud y 38 km al norte de la capital provincial. Pertenece a la comarca de Sierra Morena. Tiene 2.013 habitantes (según datos del INE de 2021), sobre un término municipal de 73,24 km². Sus habitantes reciben el gentilicio de jabalquinteños, o el menos habitual de gevalcantíes. Entre sus paisanos de cierto relieve, puede destacarse a Paco Nájera.', 'La Torre de la Cabeza es una atalaya o torreón circular que se encuentra en el término municipal de Pegalajar, en la comarca de Sierra Mágina, provincia de Jaén, a una altitud de 611 m. Descripción La atalaya es un torreón de mampostería de aspecto algo rechoncho. La altura de la torre es de unos 8 metros aproximadamente. Su base es cilíndrica, apoyándose sobre un pronunciado talud, que tiene en su parte más baja un perímetro de 25,8 metros.', 'Entre las mayores cotas del municipio se pueden nombrar la sierra de Caracolera con 1340 m metros sobre el nivel del mar, localizada en la zona sur, y se trata de la más alta registrada en su término, al norte se localizan la sierra de la Grana con 1254 m, se trata de la prolongación de la sierra de Jabalcuz, era de la Mesa con 1241 m, y Peñablanquilla con 1191 m, no sin ello mencionar a la conocida peña de Martos con sus 1003 m de altura, en cuyas faldas se asienta la ciudad de Martos.\u200b Fuentes: Instituto Geográfico Nacional de España\u200b Hidrografía La red hidrográfica municipal está compuesta por un conjunto de ríos y arroyos que bañan numerosas zonas del término municipal,\u200b y que completan un mapa de recursos hídricos para el municipio, tanto para el consumo humano como para el regadío.']",El monte de Jabalcuz tiene una altitud de 1614 metros sobre el nivel del mar.,"Se sitúa entre los términos municipales de Los Villares, Jamilena, Torredelcampo y Jaén, y su altitud es de 1614 m s. n. m. Jabalcuz suele ser considerada erróneamente de manera popular como un volcán,​ siendo en realidad una elevación caliza de origen sedimentario donde existen manantiales termales de origen kárstico, cuyas aguas se calientan debido al gradiente geotérmico.​ La existencia de estos manantiales termales determinó la construcción del antiguo balneario y jardines de Jabalcuz."
21,¿Cómo está organizado el Pleno de Jaén?,"['La Junta de Gobierno de la Diputación Provincial de Jaén está integrada por los diputados y diputadas que tienen asignada un área de trabajo dentro de la Diputación. Grupos políticos y diputados Según establece la ley, el número de diputados dependerá de la población de la provincia. En nuestro caso, encontrándonos en el tramo entre 500 000 y 1 000 000 de habitantes, son veintisiete los puestos en la mesa del Salón de Plenos.', 'Jaén. Área Sociosanitaria: Su dirección es Carretera de Madrid, s/n. Jaén. Edificio Jaén Paraíso Interior: Su dirección es Calle Roldán y Marín 1. Jaén. Presidentes En la primera sesión, la constitutiva, se forma una Mesa de Edad. Esto es, una mesa integrada por los diputados de mayor y menor edad presentes en el acto.', 'Restablecido el régimen liberal, se forma en Jaén un nuevo ayuntamiento, se rehabilita la figura del jefe político y se convocan elecciones a diputados provinciales para instalar de nuevo la Diputación. Al igual que ocurre con el primer periodo constitucional, al no conservarse la documentación producida en esta segunda época, no sabemos que día concreto se constituyó la Diputación de Jaén pero sí que ya estaba instalada a finales de abril, con los mismos diputados que cesaron en 1814.', 'Órganos de gobierno Pleno El Pleno de Jaén está compuesto por 27 concejales elegidos democráticamente cada cuatro años. Después de las elecciones municipales de 2023, forman parte de ella 11 concejales del Partido Socialista Obrero Español, 11 del Partido Popular, 3 de Jaén Merece Más y 2 de Vox. Junta de Gobierno La Junta de Gobierno de Jaén se encarga de administrar los impuestos municipales, para costear los servicios públicos y la construcción de infraestructuras. Está presidida por el alcalde.', 'Justicia En cuanto a la administración judicial, Jaén es la sede de la Audiencia provincial.']","Después de las elecciones municipales de 2023, el Pleno de Jaén está compuesto por 27 concejales de los que 11 son de PSOE, otros 11 de PP, 3 de Jaén Merece Más y 2 de Vox.","Órganos de gobierno Pleno El Pleno de Jaén está compuesto por 27 concejales elegidos democráticamente cada cuatro años. Después de las elecciones municipales de 2023, forman parte de ella 11 concejales del Partido Socialista Obrero Español, 11 del Partido Popular, 3 de Jaén Merece Más y 2 de Vox. Junta de Gobierno La Junta de Gobierno de Jaén se encarga de administrar los impuestos municipales, para costear los servicios públicos y la construcción de infraestructuras. Está presidida por el alcalde."
22,¿Qué localidades constituyen el inicio y fin de la A-44?,"['El nuevo tramo, que queda más al oeste del original, constituyó el nuevo trazado de la A-44 y ayudó a descongestionar el tramo urbano de la autovía en el Área Metropolitana de Granada.\u200b\u200b Punto de finalización de la A-44 (La Y invertida) El tramo de la A-44 Vélez de Benaudalla-La Gorgoracha termina en La Gorgoracha, punto desde el que parten dos tramos de la autovía del Mediterráneo: Hacia el oeste el tramo La Gorgoracha-Lobres, unido desde 2014 al resto de los tramos hasta Málaga y con un acceso (salida 325) a Motril y Almería, mediante la GR-14 y N-340.', 'Desde Torredonjimeno hasta el actual enlace 59 de la A-44 no existía (ya que estaba sobrepuesta a la antigua N-321 hasta la ciudad de Jaén y a la antigua N-323 a partir de ésta hacia el sur). Desde el enlace 59 de la A-44 seguía hasta la actual A-92 vía Cambil, Huelma, Guadahortuna, Torre-Cardela, Morelábor y Darro siguiendo el trazado de las actuales A-324, A-401 (parte de ella) y A-308 (parte de ella) respectivamente.', 'El foso o zanja. Tipo 1 El trazado de la antigua carretera A-316 dividió el poblado y el foso en una Zona Este y otra Oeste. En cada zona se abrieron en el foso 2 y 11 secciones respectivamente. El foso o zanja está excavada en la base geológica, ubicada en la parte más alta del poblado. De morfología circular ligeramente irregular y tendencia hexagonal mide unos 70 m de diámetro. Su perímetro de algo más de 235 m está segmentado por los accesos al recinto y abarca una superficie de 4450 m².', 'Al pasar el embalse, enlaza con la A-44 y la A-348 , esta última se dirige hacia Tablate y Lanjarón. En un tramo de sinuosas curvas al este de la autovía y el embalse, alcanza Ízbor, punto donde concluía el trazado de la A-44 entre 2002 y 2009. Desde Ízbor comienza un largo tramo en el que la carretera presenta una disposición 2+1 hasta Vélez de Benaudalla, bordeando por el oeste el Embalse de Rules. Hasta 2009 fue la única alternativa solvente para alcanzar la costa granadina desde Ízbor.', 'Los restos de la construcción emergen en las épocas de estío. También pasa sobre las colas de los embalses de Guadalén y la Fernandina. Hasta hace unos años, la A-301 contaba también con los kilómetros de la actual A-401 que une Úbeda (Jaén) (N-322) con Guadix (Granada) (A-92). Es por esto que en algunos lugares aún se pueden encontrar rótulos del tipo ""A-301 La Carolina - Guadix"".']","La autovía de Sierra Nevada-Costra Tropical o A-44 tiene como inicio la localidad de Bailén en Jaén, y la localidad de La Gorgoracha en Granada como fin.","La autovía de Sierra Nevada-Costa Tropical o A-44​​ es una autovía de España dependiente de la Red de Carreteras del Estado que comunica Bailén (Jaén) con La Gorgoracha (Granada). Si bien tradicionalmente se le ha denominado \""autovía Bailén-Motril\"", dicha denominación es errónea, pues a diferencia de su predecesora la N-323, solo discurre entre Bailén y La Gorgoracha. También es incorrecta la denominación \""autovía Granada-Motril\""."
23,¿Qué línea de tren debería coger para ir desde Jaén a Madrid?,"['La línea de alta velocidad Madrid-Alcázar de San Juan-Jaén\u200b es una línea de alta velocidad de España de uso mixto entre Jaén y Alcázar de San Juan, y de uso exclusivo para pasajeros entre Alcázar de San Juan y Madrid. Parte de la línea de alta velocidad Madrid-Sevilla en Mora (Toledo). Se encuentra actualmente en construcción, y comunicará Madrid y Castilla-La Mancha con Jaén a través del paso de Despeñaperros.', 'La estación dispone de conexiones ferroviarias con Madrid, Barcelona, Sevilla y Almería. El ferrocarril también tiene una plataforma de carga. En el pasado fue un importante nudo ferroviario, actualmente es zona de paso, partida o destino de trenes que la atraviesan diariamente. La estación está comunicada con el casco urbano de la ciudad mediante taxis y autobuses urbanos cada media hora.', 'Comparte recorrido con la línea 76, aunque esta circula entre Sevilla y Córdoba por la línea de alta velocidad. La duración mínima del viaje entre Sevilla y Jaén es de 3 horas y 2 minutos en el tren convencional.\u200b Algunos trenes de esta línea proceden o continúan hacia Cádiz en la línea 65. Líneas por donde transcurre el servicio Línea 402 (Jaén-Espeluy-aguja km. 340,1) en todo su recorrido. Línea 400 (Alcázar de San Juan-Cádiz) entre las dependencias de Espeluy-aguja km.340,1 y Sevilla-Santa Justa.', 'Así mismo, también dispuso de una conexión tranviaria con las localidades de Baeza y Úbeda mediante el llamado Tranvía de la Loma.\u200b Servicios ferroviarios Actualmente todas las líneas de viajeros de la estación son operadas por Renfe. Largo recorrido Los servicios de largo recorrido solo circulan una vez al día en cada sentido. Media Distancia Circulan dos servicios diarios de Media Distancia entre Madrid-Chamartín y Jaén.', 'La estación cuenta con un refugio y aparcamiento. Servicios ferroviarios Media Distancia Los servicios de Media Distancia de Renfe ofrecen dos relaciones diarias por sentido entre Madrid y Jaén gracias a trenes MD. Pese a circular al menos dos trenes diarios por sentido en la relación Córdoba/Jaén, ninguno efectúa parada en la estación.']","Para viajar entre Jaén y Madrid, está habilitada la vía ferroviaria Línea 58 de media distancia.","La línea 58 (Madrid - Jaén) es una línea ferroviaria realizada por servicios MD que recorre la mitad sur de España.​ Discurre por vías convencionales electrificadas a 3 000 V CC de ancho ibérico, pertenecientes a Adif. Es operada por la sección de Media Distancia de Renfe Operadora mediante trenes Serie 499.​ Anteriormente era conocida como línea R8."
24,¿Cómo se llama el actual presidente de Andalucía?,"['Hermenegildo Altozano Moraleda (Baños de la Encina, 23 de diciembre de 1916-Jerez de la Frontera, 12 de septiembre de 1981) fue un político y militar español. Jurídico militar, durante la Dictadura franquista llegó a ejercer diversos cargos. Tuvo una destacada actuación como gobernador civil de Sevilla.\u200b Biografía Carrera profesional Nacido en la localidad jienense de Baños de la Encina el 24 de diciembre de 1916,\u200b en el seno de una familia de grandes propietarios agrícolas.', 'En una palabra: éste es el “Obispo de Jaén”. Sin más. Basta esta generalidad para que todos los españoles y bastantes extranjeros sepan que se habla de Antolín Monescillo y Viso.', 'Rodrigo: Señor de Ibros, comendador de Yeste y Taibilla, Trece de la Orden de Santiago, alcaide de Pucherna, corregidor de las Ciudades de Baza, Guadix, Almería, Purchena y Vera, embajador de Portugal, mayordomo mayor de la reina Juana, siendo infanta. Diego: Murió de corta edad. Jorge: Señor de Belmontejo, comendador de Montizón y Chiclana y Trece Orden de Santiago. Capitán de hombres de armas de las Guardias de Castilla. Poeta universal, inmortalizado por las Coplas por la muerte de su padre.', 'Llegaría a ser secretario general del presidente de la República en el exilio, Diego Martínez Barrio. Tras su muerte, Giner de los Ríos dejó el legado de una singular y minuciosa crónica del exilio republicano español entregada por sus herederos al Ateneo Español de México en 2016.\u200b Biografía Primeros años y formación Nació en Málaga el 31 de octubre de 1888,\u200b\u200b en el seno de una familia de clase media.', 'Acepta el nombramiento el 28 de noviembre de 1994, siendo aún Príncipe de Asturias. General Don Luis de Lamo Peris, cofrade de honor. Militar español, Capitán General de Cataluña entre los años 1962 y 1965 y agregado militar en la Embajada de España en Roma. Hijo Adoptivo de Jódar, donde residió algunas etapas de su vida. Doña Virginia Serrano Ruiz, camarera de honor de la Virgen de la Esperanza.']",El actual presidente de la comunidad de Andalucía es Juanma Moreno Bonilla.,
25,¿Qué ingredientes lleva el cocido?,"['Características Los ingredientes de este plato son todos procedentes de la provincia de Jaén, el principal ingrediente son las migas de pan (asentadas y rociadas con salmuera).\u200b Los ingredientes de acompañamiento son el aceite de oliva, los ajos, el chorizo (o morcilla y gran cantidad de guarnición de rábanos, cebolletas, migas de bacalao, uvas, aceitunas, melón, sardinas y pimientos fritos. Las migas se preparan en grandes sartenes calentadas al fuego.', 'Características Las migas ruleras son un plato popular y muy sencillo a la hora de elaborar. Los componentes son muy variados y parten de un pan de centeno o de trigo desmigado y mezclado con chorizo picado, tocino de cerdo (a ser posible enteverado), jamón serrano picado, ajos, aceite de oliva.\u200b Todo ello se cocina en una sartén y se deja tostar ligeramente. La base es el pan muy duro puesto en remojo bastante tiempo, dos o más horas, ajos, aceite de oliva, longaniza, tocino y otros ingredientes de cerdo.', 'El potaje carmelitano es un cocido que emplea como legumbres: garbanzos. Este potaje es típico de la cocina jienense. Este cocido se diferencia de otros cocidos españoles en que no emplea elementos cárnicos. Se elabora empleando tan solo un sofrito de verduras finamente picado. En las últimas fases del cocido se le añade unos picatostes y unas yemas. Se sirve a los comensales caliente.\u200b Es un potaje habitual durante el período de Pascua.', 'Suele servirse caliente o frío. Características Los elementos se suelen picar finamente. Se suelen componer principalmente de carne de cerdo y pavo, suele incluirse en la mezcla tocino (con un cierto sabor a rancia) y jamón serrano y chorizos de la orza. Todo este elemento se acompaña de ajo y perejil finamente picado, se le añade azafrán, clavo de olor, nuez moscada, pimienta y un cuajar (tripas para embutir).', 'Otros ingredientes posibles incluyen aceitunas, huevos, cebolla o cebolletas, ajo, vinagre, pimentón, patatas o tomate. Estas versiones se sirven como primer plato frío, muy sabroso y nutritivo.']","El cocido es un guiso hecho en olla que lleva carne, embutido, verduras, patatas o zanahorias y principalmente alguna legumbre.",
26,¿De qué trata el libro de El capitán Alatriste?,"['Es en esta batalla donde suena ""La Madrugá"" como marcha agónica del ejército y donde el ya viejo capitán Diego Alatriste muere e Iñigo, para la defensa final asume como alférez. La trama de la película hace un breve recorrido por partes de algunos de los cinco libros publicados hasta el estreno (no hay mención alguna a ""Limpieza de sangre"", el segundo libro), manteniendo como hilo argumental de la misma a los personajes principales.', 'Y aún más, son referidas las aventuras de las novelas El capitán Alatriste, Limpieza de sangre, El sol de Breda, El oro del rey y El caballero del jubón amarillo, y también se le da un desenlace al protagonista, anticipando una novela posterior aún no editada. Para espectadores poco avisados, esta condensación puede resultar una veloz sucesión de hechos con escasa profundización en cada uno.', 'En todo momento la historia la narra Iñigo de Balboa, hijo adoptivo y amigo del capitán nacido en Oñate. La primera entrega fue ""El capitán Alatriste"" lanzada en 1996, y acaba la serie de libros ""El puente de los asesinos"" en 2011. Los libros que componen las aventuras de este capitán son: 1. El capitán Alatriste (1996) 2. Limpieza de sangre (1997) 3. El sol de Breda (1998) 4. El oro del rey (2000) 5. El caballero del jubón amarillo (2003) 6. Corsarios de Levante (2006) 7.', 'Finalmente, la amante del capitán enferma de sífilis. Problemas tan amplios como el duelo con su amigo Martín Saldaña o el castigo de Íñigo a galeras forman parte del final de la película. La película termina en la Batalla de Rocroi (mayo de 1643), que correspondería al último libro, aún inédito, de la saga de Las aventuras del capitán Alatriste.', '(1993, Hiperión), escrito con el poeta Luis García Montero Pura alegría (1998, Alfaguara). Este libro, que reúne diversos textos sobre literatura, contiene (al menos en la edición de 2008, Alfaguara) una introducción seguida de dos partes: La realidad de la ficción: I. El argumento y la historia; II. El personaje y su modelo; III. La voz y el estilo y IV.']","El libro de El capitán Alatriste, escrito por Arturo Pérez-Reverte, trata sobre un soldado veterano de los tercios de Flandes que malvive en el Madrid del siglo XVII, alquilando su espada a todo aquel que la necesite.",
27,¿Quién es el autor de la canción Un beso y una flor?,"['El 18 de octubre salió a la luz el primer single, ""Yo sólo quería escribir una canción de amor"". El 29 de noviembre, el segundo sencillo ""Tus michids"" se lanzó y a la semana siguiente la cantante anunció la fecha de lanzamiento del disco, ""Lento Ternura"" para el 21 de febrero de 2025. Los singles ""Quién dijo"" y ""Demasiadas canciones"" salieron el 17 de enero y el 11 de febrero, respectivamente.', 'Poesía: locura de cinco estrellas Lo que canta un jilguero prisionero en su jaula Ventana azul Una flor en cada paso Beso azul Más allá del último lucero En un planeta que olvidó las rosas En su corazón amaneció una estrella Palomas blancas Volví a la orilla del mar Una luz ignorada Estrellas errantes de juguete Surcó las arrugas de mi frente una ilusión En mi pecho no vibra un corazón, late un poema Otras obras literarias Écija, guía turística Jerónimo de Aguilar, publicado por la Real Academia de Bella Artes ""Santa Isabel de Hungía"", de Sevilla Proyección internacional de Luis Vélez de Guevara.', 'El primero de ellos es A una prima suya que le estorbaba unos amores con solo nueve versos. La gracia de este poema es el doble sentido que tiene la palabra prima, la cual puede referirse a la cuerda con timbre más agudo de un instrumento o entenderse como una familiar. Lo que hace Manrique en estos versos es comparar a una prima suya que no quería corresponderle en su deseo amoroso con la cuerda del mismo nombre que está desafinada.', 'Entre sus canciones de esos tiempos se destacan «Cuando tú no estás», «Mi gran noche», «Digan lo que digan», «Tema de amor», «Cierro mis ojos», «Balada de la trompeta» (cuyo primer verso daría título a una película de Álex de la Iglesia) y «Desde aquel día».', 'El primero de ellos llegó el 18 de enero junto con Trashi, ""Unos Más"". El 30 de agosto publicó ""Tesis"" con Love Of Lesbian. Y El 13 de septiembre lanzó ""Liturgia"" en colaboración con Samantha Hudson. En octubre, Zahara comenzó con la promoción de su próximo disco. El 18 de octubre salió a la luz el primer single, ""Yo sólo quería escribir una canción de amor"".']",El autor de la canción Un beso y una flor es Nino Bravo.,
28,¿En qué equipo juega actualmente Leo Messi?,"['Debutó con su filial en Segunda División B con tan sólo dieciocho años. Allí coincidió con jugadores de la talla de Messi, Cesc Fábregas o Gerard Piqué, en el Cadete B que enamoró por su buen fútbol y que se proclamó campeón de España con la conocida generación de 1987.\u200b Dos temporadas más tarde, firmó por el Terrasa debido al descenso de categoría del conjunto azulgrana.', 'Ya en la temporada 2008-2009 hace la pretemporada con el primer equipo del Jaén donde destacó como defensa y donde cuenta para el equipo de Carlos Terrazas. Características Gran defensor que puede jugar tanto de lateral derecho como de central. Es rápido en el corte, rápido en el juego aéreo y sabe sacar el balón jugado. Al final de su carrera futbolística semiprofesional, se afianzó en la posición de lateral derecho, dando muchas alegrías a la afición jienense por el cara a gol. Clubes', 'Hasta aquí su periplo como jugador profesional.\u200b De esta etapa de su vida, el joven jugador vuelve al fútbol modesto, para jugar en Club Deportivo Ourense, Getafe Club de Fútbol, Club Deportivo Manchego, Atlético Ciudad Real, Tomelloso Club de Fútbol y Valdepeñas Club de Fútbol.', 'Es uno de los jugadores más carismáticos de la historia del club, siendo junto a Sanmiguel y Jorge el único jugador que ha participado en los dos mayores hitos de la historia del club: el ascenso a Segunda División B en el año 2007 y el ascenso a la Liga Adelante conseguido en 2011.\u200b Días después de conseguir el ascenso a la división de plata del fútbol español, Iván Moreno renovaba su contrato con el equipo alcarreño.\u200b Al igual que en las temporadas anteriores, durante la temporada 2011/12 es una de las piezas claves del club alcarreño, disputando 41 partidos de liga y anotando 7 goles.', 'Jugó los dos partidos de copa Copa del Rey, frente al Atlético de Madrid, en La victoria y en el Estadio Vicente Calderón. Los que lo conocen hablan de un centrocampista rápido, con técnica, buena visión de juego, inteligencia y buen pase. En sus incorporaciones al ataque también puede aportar un buen disparo lejano. Ha sido campeón del grupo 4 de Segunda B con el Real Jaén, con el que consiguió el ascenso a la división de plata del fútbol español.']","Actualmente, Lionel Messi juega en el Inter de Miami.",
29,¿Cuál es el río más largo del mundo?,"['Consiste en una conducción de 120 km, siete balsas de regulación y dos minicentrales hidroeléctricas para transportar 50 hm³ anuales..\u200b La presa La Presa del Negratín (1.984) es de tipo mixta, de Gravedad y Materiales sueltos con pantalla asfáltica, planta recta, tiene una altura sobre el cauce de 67 m y sobre cimientos de 75 m. La longitud de coronación es de 439 m y el ancho de coronación de 10 m, siendo el volumen total del cuerpo de la presa de 1061,11 m³.', 'Cueva del agua Sobre un escarpado farallón de dolomías se abre una profunda sima a ras del suelo, desde la que escapa un importante y estruendoso torrente de agua mundo y cristalino, que atravesando el núcleo de la pedanía, se precipita sobre la ladera a más de 100 metros.', 'Nadie ha logrado averiguar la profundidad de la laguna. [cita requerida] Los más viejos del lugar aseguran —en algún momento han metido una sonda que nunca ha llegado al fondo— que es un pozo con al menos 30 o 40 metros de profundidad. Además de la cascada más importante y que da nombre al paraje, si descendemos a la zona de acampada y merendero, se puede realizar otra ruta que nos conducirá a las otras dos cascadas: el Cimbarrillo y el Negrillo.', 'Tiene una longitud de 68 km según algunas fuentes.\u200b Toponimia El nombre del río procede del árabe wadi Fardis.\u200b Curso Nace en la sierra de Huétor, en el término municipal de Huétor Santillán, de la confluencia del arroyo de Prado Negro y el arroyo de las Perdices, aunque también recibe los aportes de otro grupo de manantiales de aguas termales de la zona de Diezma.', 'Alberga un inmenso lago artificial de las aguas remansadas del río, el llamado «mar de La Loma» es el segundo más grande de Jaén y el tercero de la cuenca del Guadalquivir con una capacidad de 475 hm³.\u200b Bajo sus aguas se ha sumergido el monumental Puente Ariza del siglo xvi del arquitecto Andrés de Vandelvira, que se está estudiando cómo protegerlo de las aguas.\u200b Asimismo tres viviendas se vieron inundadas y 12 habitantes tuvieron que desplazarse.\u200b Tiene usos para riego, pesca, baño, electricidad y dispone de embarcadero turístico.\u200b']",El río más largo del mundo es el Amazonas.,
